interview_id,alter,geschlecht,einkommen,beruf,wahlabsicht,cluster_id,topic,topic_summary,umap_x,umap_y
A1A2_480,45.0,weiblich,2000-3000€,Fachangestellter,Die Linke,1,Bewertung der aktuellen Lage in Deutschland,"Der Befragte bewertet die allgemeine Situation in Deutschland als eher unbefriedigend und nennt insbesondere die schwierige wirtschaftliche Lage sowie den Aufwind rechter Parteien und Fremdenhass als Problemfelder. Er erklärt, viele Menschen sähen Deutschland im Abwärtstrend, weil internationale Konkurrenz die Automobilindustrie unter Druck setze. Auch er selbst sieht die Zukunft Deutschlands aktuell leicht bergab, bleibt aber optimistisch, dass mit passenden politischen Reaktionen das Land das Ruder herumreißen könne. Positiv hervorgehoben werden Deutschlands Reichtum, seine starke Industrie und gute Bildung.",5.8608193,11.565784
A1A2_480,45.0,weiblich,2000-3000€,Fachangestellter,Die Linke,1,Gründe für eine mögliche Krise Deutschlands,"Der Befragte sieht die aktuelle Krise in Deutschland als Ergebnis sowohl äußerer Faktoren (COVID-Pandemie, Inflation, Krieg in der Ukraine, Wahl Trumps) als auch hausgemachter politischer Fehler. Er glaubt, dass die deutsche Politik durch notwendige Kompromisse in der Lage ist, die Herausforderungen zu bewältigen. Im Hinblick auf die bevorstehenden Neuwahlen erwartet er politische Mehrheitsbildungen und betont, dass das Problem erkannt ist, nun aber die richtigen Mittel gefunden werden müssen. Konkret wünscht er sich von der neuen Regierung einen konsequenten Bürokratieabbau, starke Innovationsförderung, ein vereinfachtes Einwanderungsrecht und erleichterte Unternehmensgründungs- und Steuerprozesse sowie massive Investitionen in Infrastruktur, Innovation und Nachhaltigkeit.",5.8608193,11.565784
A1A2_480,45.0,weiblich,2000-3000€,Fachangestellter,Die Linke,1,Lösungen für die Probleme,"Der Interviewte lehnt mehrheitlich konservative, isolationistische und marktliberale Vorschläge für Deutschland ab und betrachtet diese als rückschrittlich, falsch oder populistisch. Er sieht Umverteilung als Teil eines politischen Maßnahmenpakets, aber nicht als alleinige Lösung. Kritisch bewertet er auch Steuerkürzungen und Sozialabbau. Stattdessen betont er die Bedeutung internationaler Zusammenarbeit, einen vorwärtsgewandten, progressiven Ansatz im Klimaschutz und eine humane Migrationspolitik in Kooperation mit europäischen Partnern und Herkunftsländern.",5.8608193,11.565784
A1A2_480,45.0,weiblich,2000-3000€,Fachangestellter,Die Linke,1,Allgemeines Weltbild,"Der Proband hält das Sprichwort 'Jeder ist seines eigenen Glückes Schmied' nur für privilegierte Menschen für zutreffend und sieht für die Mehrheit andere Voraussetzungen. Er erkennt den Sozialstaat als Basisunterstützung, fordert aber vor allem mehr Investitionen in Bildung zur Stärkung der Chancengleichheit. Er betont die Wichtigkeit von Respekt gegenüber Menschen, die anders sind, und unterstützt die erleichterte Änderung des Geschlechts im Ausweis, da dies niemanden benachteiligt. Bei den kommenden Bundestagswahlen würde er die Linke wählen, zieht aber auch die Grünen oder die FDP als Alternativen in Betracht.",-5.6138387,7.2365184
A1A2_480,45.0,weiblich,2000-3000€,Fachangestellter,Die Linke,1,Informationsquellen,"Der Proband hat keine inhaltlichen Aussagen gemacht und lediglich ""asdf"" geäußert.",18.02797,3.6493778
A3A3_402,38.0,männlich,2000-3000€,Sozialpädagogin,AfD,0,Bewertung der aktuellen Lage in Deutschland,"Der Proband bewertet die aktuelle Lage in Deutschland als miserabel und sieht besonders Wirtschaft und öffentliche Ordnung in einem schlechten Zustand. Er erklärt, dass die steigende Kriminalität dazu führt, dass sich Menschen unsicher fühlen, der gesellschaftliche Zusammenhalt zerbricht und die gemeinsame Kultur ausstirbt. Ursachen vieler Probleme macht er in der Ideologie der Grünen aus. Für die Zukunft Deutschlands hegt er große Sorgen.",7.6352754,10.19401
A3A3_402,38.0,männlich,2000-3000€,Sozialpädagogin,AfD,0,Gründe für eine mögliche Krise Deutschlands,"Der Befragte fordert eine komplett neue Regierung, die wieder vernünftig handelt und die Interessen der Bürger in den Mittelpunkt stellt, und hofft, dass die aktuelle Ampel-Koalition für ihre Politik bestraft wird. Er sieht die Corona-Pandemie als negativen externen Faktor an, kritisiert die bisherige Corona-Politik als auferlegt und verfehlt und wünscht sich einen völlig anderen Ansatz im Krisenmanagement. Für die Zukunft fordert er mehr Bürgernähe, Vernunft und Fleiß von der Politik.",7.6352754,10.19401
A3A3_402,38.0,männlich,2000-3000€,Sozialpädagogin,AfD,0,Lösungen für die Probleme,"Der Proband lehnt eine stärkere Umverteilung von Reichen zu Armen ab, da sie seiner Ansicht nach faule Menschen unterstützt, und plädiert stattdessen dafür, dass Arbeit sich wieder lohnen müsse – durch faire Löhne und niedrigere Steuern. Er betont, dass traditionelle Werte wie Fleiß und Pünktlichkeit vernachlässigt wurden und dauerhaft zu Wohlstand führen, und spricht sich für eine Rückbesinnung auf diese Werte aus. Zudem kritisiert er Klimaschutzregeln als ineffektiv angesichts globaler Emissionen, fordert deren Abschaffung und befürwortet generell eine stärkere Fokussierung politischer Entscheidungen auf nationale Interessen mit klarer Nutzenorientierung für die eigene Bevölkerung.",7.6352754,10.19401
A3A3_402,38.0,männlich,2000-3000€,Sozialpädagogin,AfD,0,Allgemeines Weltbild,"Der Proband wünscht sich für die deutsche Politik eine stärkere Nutzenorientierung speziell in der Klimawandel- und Migrationspolitik und spricht sich zudem dafür aus, kein Interesse an Kriegen in der Ukraine oder Taiwan zu haben.",-6.972502,6.804142
A3A3_402,38.0,männlich,2000-3000€,Sozialpädagogin,AfD,0,Informationsquellen,"Der Proband informiert sich vor allem über Facebook, die Tageszeitungen NZZ und Welt sowie Telegram-Chatgruppen, weil er dort politische Meinungen findet, die in den Mehrheitsmedien fehlen. Er bewertet die Berichterstattung von ARD und ZDF sehr negativ und lehnt sie als Propaganda ab. Social Media nutzt er gelegentlich, folgt dort aber nur manchmal politischen Profilen.",17.903439,1.7146733
B2M5_680,29.0,männlich,2000-3000€,Altenpfleger,FDP,0,Bewertung der aktuellen Lage in Deutschland,"Der Proband ist sehr unzufrieden mit der aktuellen Lage in Deutschland und sieht vor allem in der Wirtschaft gravierende Probleme. Er bemängelt, dass die Wirtschaft nicht wächst und viele Produktionsunternehmen insolvent gehen, was er als Hauptursache für die schlechte wirtschaftliche Entwicklung ansieht. Zudem fühlt er sich selbst nicht als Wirtschaftsexperte.",7.4477034,12.702642
B2M5_680,29.0,männlich,2000-3000€,Altenpfleger,FDP,0,Gründe für eine mögliche Krise Deutschlands,"Der Interviewte ist der Meinung, dass die Probleme in Deutschland hausgemacht sind und nicht durch äußere Faktoren wie Pandemie oder Krieg bedingt werden. Er fordert als Lösung eine Senkung von Steuern und Zinsen sowie den Abbau von Bürokratie, um die Wirtschaft in Schwung zu bringen. Insbesondere wünscht er sich eine Modernisierung der öffentlichen Verwaltung durch Reduzierung von Fax- und Postverfahren, digitale Dokumenten-Uploads per App und weniger Regulierungen für schnellere und effizientere Abläufe.",7.4477034,12.702642
B2M5_680,29.0,männlich,2000-3000€,Altenpfleger,FDP,0,Lösungen für die Probleme,"Der Proband hält eine verstärkte Digitalisierung für positiv, insbesondere im Medizin- und Handelsbereich. Er betont Vorteile wie flexible Terminvergabe über Apps und digitales Datenmanagement ohne physische Akten. Als Haupthemmnis sieht er umfangreiche gesetzliche Regelungen, die digitale Systeme einschränken. Zur Überwindung fordert er die Abschaffung alter oder unrealistischer Regeln durch den Gesetzgeber, um die Digitalisierung voranzutreiben.",7.4477034,12.702642
B2M5_680,29.0,männlich,2000-3000€,Altenpfleger,FDP,0,Allgemeines Weltbild,"Der Proband beschreibt sich als optimistischen und ehrgeizigen Menschen, der stets lernen möchte. Er blickt positiv in die Zukunft, möchte jedoch seine konkreten persönlichen Ziele nicht teilen.",-7.6112084,6.1963916
B2M5_680,29.0,männlich,2000-3000€,Altenpfleger,FDP,0,Informationsquellen,"Der Interviewte nutzt traditionelle (DW, Spiegel) und digitale (YouTube, Instagram) Quellen und vergleicht deren Informationen, um politische Inhalte zu bewerten, ohne dabei feste Glaubwürdigkeitskriterien anzulegen. Gespräche mit Mitbewohnern erweitert seine Perspektive auf politische Themen.",17.202942,1.2855369
B3N2_26,25.0,männlich,1000-2000€,Sozialpädagoge,SPD,1,Bewertung der aktuellen Lage in Deutschland,"Der Proband empfindet die aktuelle Lage in Deutschland als rückständig und „in der Vergangenheit lebend“. Besonders kritisch sieht er den Jobmarkt, dessen Probleme er auf umfassende Bürokratie der Arbeitgeber und langsame Prozesse zurückführt. Positiv bewertet er hingegen das Angebot und den Service der Bäckereien. Die allgemeine Stimmung in Deutschland beschreibt er als schlechter als früher, wobei er ähnliche Verschlechterungen auch in anderen Ländern wahrnimmt.",8.446443,11.004665
B3N2_26,25.0,männlich,1000-2000€,Sozialpädagoge,SPD,1,Gründe für eine mögliche Krise Deutschlands,"Der Interviewte sieht die aktuellen Herausforderungen in Deutschland als Folge einer Mischung aus äußeren Einflüssen und hausgemachten politischen Fehlentscheidungen. Er erklärt, dass die Abhängigkeit von billiger Energie, fehlende Technologieinitiativen, übermäßige Regulierung und eine unflexible Wirtschaft die Probleme verschärfen. Verantwortlich macht er alte und risikoaverse Führungskräfte, die er als faul bezeichnet. Als Lösung schlägt er vor, Bürokratie abzubauen, den Arbeitnehmerurlaub zu reduzieren und Initiativen zu schaffen, die Investoren und junge Gründer unterstützen.",8.446443,11.004665
B3N2_26,25.0,männlich,1000-2000€,Sozialpädagoge,SPD,1,Lösungen für die Probleme,"Der Befragte fordert, dass insbesondere die Boomer-Generation ihre Steuern zahlt, um Umverteilung zu ermöglichen, empfiehlt eine Analyse der Funktionsweise Westdeutschlands in den 80er Jahren zur Ableitung positiver Modelle und sieht die Notwendigkeit einer Modernisierung aller Bereiche in Deutschland.",8.446443,11.004665
B3N2_26,25.0,männlich,1000-2000€,Sozialpädagoge,SPD,1,Allgemeines Weltbild,"Der Proband berichtet, dass er sich kaum noch Urlaubsreisen und Freizeitaktivitäten leisten kann, beobachtet wachsende gesellschaftliche Unterschiede und erwartet negative Folgen für die Mehrheit. Er fordert ein Eingreifen von Staat und politischer Führung, zeigt sich jedoch pessimistisch und hält die Umsetzung konkreter Maßnahmen zur Verringerung der Ungleichheit für unmöglich.",-6.5242376,5.054303
B3N2_26,25.0,männlich,1000-2000€,Sozialpädagoge,SPD,1,Informationsquellen,"Der Befragte informiert sich überwiegend über offizielle Dokumente, um Agenden und Fake News zu vermeiden, lehnt Chatgruppen und soziale Medien als politische Informationsquellen ab und betrachtet die Berichterstattung von ARD und ZDF als etwas, das vor allem die Boomer-Generation anspricht.",16.517757,2.253644
B4D2_856,44.0,männlich,3000-5000€,Lehrer,SPD,1,Bewertung der aktuellen Lage in Deutschland,"Der Proband bewertet die aktuelle Lage in Deutschland durchweg positiv und findet, dass grundsätzlich alle Bereiche gut laufen. Einzig die Pünktlichkeit der Bahn kritisiert er stark und empfindet die Verspätungen als generelles Ärgernis. Zugleich nimmt er wahr, dass die allgemeine Stimmung in Deutschland nicht besonders gut ist, kann sich dafür aber keine Ursache erklären.",8.409006,11.608356
B4D2_856,44.0,männlich,3000-5000€,Lehrer,SPD,1,Gründe für eine mögliche Krise Deutschlands,"Der Proband äußert keine eigene Einschätzung zu den Ursachen, sondern fordert den Interviewer auf, seine Meinung darzulegen.",8.409006,11.608356
B4D2_856,44.0,männlich,3000-5000€,Lehrer,SPD,1,Lösungen für die Probleme,"Der Proband befürwortet eine Umverteilung von Vermögen von reichen zu ärmeren Menschen, um Deutschland wieder in Schwung zu bringen und die Lebensqualität zu verbessern. Er zeigt Zustimmung zu dem Vorschlag, hat jedoch keine eigenen weiteren Ideen für andere Maßnahmen und kann die Begriffe „reich“ und „arm“ nicht sinnvoll definieren.",8.409006,11.608356
B4D2_856,44.0,männlich,3000-5000€,Lehrer,SPD,1,Allgemeines Weltbild,"Der Befragte lehnt den Leitspruch 'Jeder ist seines eigenen Glückes Schmied' ab und begründet dies damit, dass Erbschaften die Chancen zur Lebensgestaltung und Zukunftssicherheit maßgeblich beeinflussen.",-6.679989,5.4448385
B4D2_856,44.0,männlich,3000-5000€,Lehrer,SPD,1,Informationsquellen,"Der Befragte informiert sich politisch ausschließlich im Internet, bevorzugt dabei die SPD-Website spd.de und die Tagesschau. Er nimmt keine Chatgruppen oder weitere Social-Media-Kanäle wahr und folgt online einzig dem Moderator Ingo Zamperoni, den er positiv bewertet und dessen Berichterstattung er schätzt.",16.311409,2.9533825
B4O0_121,34.0,weiblich,2000-3000€,Content-Managerin,Grüne,2,Bewertung der aktuellen Lage in Deutschland,"Der Gesprächspartner sieht die politische Kommunikation als dysfunktional und die Handlungsräume der Verwaltung als zu verrechtlicht, was in Kombination mit kurzen Legislatur- und Budgetzyklen die Anpassungsfähigkeit des Systems stark einschränkt. Positiv hebt er hervor, dass Entscheidungsträger in Politik und Ministerien kompetenter sind, als öffentlich wahrgenommen, aber durch fehlende Kapazitäten und Anreize für Zukunftsthemen begrenzt werden. Die allgemeine Stimmung in Deutschland bewertet er als eher negativ, bedingt durch einen Negativitätsfokus der Medien und die menschliche Neigung, stärker auf negative Nachrichten zu reagieren. Dennoch blickt er optimistisch in die Zukunft, weil eine gesellschaftliche Bereitschaft zu Veränderungen und Reformen vorhanden ist.",6.826326,11.079719
B4O0_121,34.0,weiblich,2000-3000€,Content-Managerin,Grüne,2,Gründe für eine mögliche Krise Deutschlands,"Der Proband führt an, dass die Krisen in Deutschland nicht durch äußere Einflüsse, sondern durch hausgemachte, also interne Ursachen bedingt sind. Weitere Lösungsansätze verweist er auf frühere Ausführungen und gibt an, sie bereits erklärt zu haben.",6.826326,11.079719
B4O0_121,34.0,weiblich,2000-3000€,Content-Managerin,Grüne,2,Lösungen für die Probleme,"Der Proband hält mehr Umverteilung in einem geschlossenen System grundsätzlich eher positiv, betont aber die hohe Kapitalmobilität als oft vernachlässigten Faktor. Er findet konservative und traditionelle Werte wenig bereichernd und kritisiert den Hyperfokus sowie die Intoleranz, die damit einhergehen. Entscheidungen zur Klimapolitik möchte er Experten überlassen und lehnt nationale Interessen als politischen Fokus als wenig bereichernd ab. Steuersenkungen und eine Reduzierung von Sozialleistungen hält er partiell für sinnvoll, wobei er den Sozialstaat nicht vorrangig kürzen würde. Weitere konkrete Vorschläge hat er nicht.",6.826326,11.079719
B4O0_121,34.0,weiblich,2000-3000€,Content-Managerin,Grüne,2,Allgemeines Weltbild,Das Interview endet mit Höflichkeitsfloskeln; der Proband macht keine inhaltlichen Aussagen mehr.,-6.367297,6.97091
B7V9_329,49.0,männlich,3000-5000€,Arzt,Grüne,1,Bewertung der aktuellen Lage in Deutschland,"Der Befragte sieht die tatsächliche Lage in Deutschland positiver als die allgemeine Stimmung, kritisiert jedoch mangelnden Optimismus und ein angespanntes gesellschaftliches Miteinander sowie fehlende Toleranz. Er lobt die Solidarität im Umgang mit dem Ukraine-Krieg und hält die Stimmung insgesamt für überwiegend negativ, weil Wandel und Sicherheiten infrage gestellt werden. Er erklärt, dass negative Erzählungen und selektive Wahrnehmung die Wahrnehmung eines deutschen Abgangs befördern und betont, dass der Erhalt unseres Status von der Mentalität abhängt. Für die Zukunft ist er optimistisch, wenn Veränderung angenommen wird. Er schlägt vor, Optimismus zu fördern, Kompromissbereitschaft und Toleranz zu stärken und Veränderungen aktiv zu gestalten.",6.780961,11.591071
B7V9_329,49.0,männlich,3000-5000€,Arzt,Grüne,1,Gründe für eine mögliche Krise Deutschlands,"Der Proband sieht Deutschlands Krisenrisiken vor allem in externen Faktoren begründet, da die deutsche Entwicklung stark von globalen Entwicklungen abhängt und durch die geografische Lage nicht losgelöst werden kann. Er kritisiert die politische Unklarheit über den Bundeshaushalt in Kombination mit Forderungen nach mehr Mitteln für internationale Politik und Verteidigung als Grund für eine toxische Stimmung im Land. Die Schuldenbremse im Grundgesetz wird als maßgebliches Hindernis für dringend notwendige Investitionen und als Ursache für erzwungene Priorisierungen gleich wichtiger Aufgaben gesehen. Als politische Gestaltungswünsche fordert der Proband langfristig höhere Ausgaben für internationale Politik und Verteidigung sowie eine neue Debattenkultur, die Schulden für Zukunftsinvestitionen anders bewertet als weniger nachhaltige Ausgaben.",6.780961,11.591071
B7V9_329,49.0,männlich,3000-5000€,Arzt,Grüne,1,Lösungen für die Probleme,"Der Befragte befürwortet eine stärkere Umverteilung von Superreichen zugunsten der Ärmeren und lehnt konservative, klimafeindliche sowie nationalistische Abschottungsstrategien entschieden ab. Er sieht Deutschlands Stärke in der friedlichen Vernetzung mit der Welt und plädiert für gesteuerte Migration aus demographischen Gründen sowie für eine konzentrierte Bekämpfung von Fluchtursachen auf EU-Ebene. Sozialkürzungen bewertet er als wirkungslos und schlägt stattdessen eine Privatisierung der Rente vor, diagnostiziert aber politische Zurückhaltung. Dem Leistungsprinzip stimmt er zu, fordert jedoch existenzsichernde Löhne und kritisiert die geringe Besteuerung superreicher Erben als ungerecht.",6.780961,11.591071
B7V9_329,49.0,männlich,3000-5000€,Arzt,Grüne,1,Allgemeines Weltbild,"Der Proband sieht gender-gerechte Sprache als persönliche Präferenz, erkennt zwar, dass Sprache gesellschaftliche Wirklichkeit formt, hält es aber für kontraproduktiv, den Gleichstellungskampf primär auf sprachlicher Ebene zu führen, da dies vom eigentlichen Anliegen ablenkt.",-6.334564,8.050937
B7V9_329,49.0,männlich,3000-5000€,Arzt,Grüne,1,Informationsquellen,"Der Befragte nutzt vorwiegend Online-Quellen wie nationale und internationale Medienportale, YouTube und Mediatheken sowie Chatgruppen für politische Informationen. Er bewertet die Berichterstattung von ARD und ZDF als überwiegend journalistisch wertvoll und professionell und hebt hervor, dass deren Nachrichtensendungen durch die Schaffung einer gemeinsamen Informationsgrundlage breite Anerkennung genießen.",17.320164,3.1594198
D4E2_967,54.0,männlich,3000-5000€,Ingenieur,CDU,0,Bewertung der aktuellen Lage in Deutschland,"Der Proband bewertet die gegenwärtige Lage in Deutschland als deprimierend und bezeichnet die allgemeine Stimmung als definitiv negativ. Er sieht die Wirtschaftslage als rückläufig, insbesondere durch Stellenabbau in der Automobilindustrie und geringere Investitionen. Positiv hebt er die politische Kultur hervor, die sich solider darstellt als in anderen Ländern. Als Erklärung für den gefühlten Niedergang nennt er fehlende Innovationskraft und steigende chinesische Konkurrenz. Für die Zukunft ist er pessimistisch und geht davon aus, dass es weiter bergab geht.",7.0108542,12.350879
D4E2_967,54.0,männlich,3000-5000€,Ingenieur,CDU,0,Gründe für eine mögliche Krise Deutschlands,"Der Befragte sieht Deutschlands Probleme als hausgemacht an und macht die Politik der Merkeljahre sowie eine passive, verteilende Haltung und Risikoaversion der letzten 20 Jahre verantwortlich. Er erwartet, dass ohne Änderungen ein wirtschaftlicher Abstieg und zunehmende Verteilungskämpfe aufgrund demografischer Probleme eintreten werden.",7.0108542,12.350879
D4E2_967,54.0,männlich,3000-5000€,Ingenieur,CDU,0,Lösungen für die Probleme,"Der Befragte lehnt pauschale Umverteilung, konservative Werte, nationalistische und isolationistische Strategien ab, da sie Risiken bergen oder auf europäische Abhängigkeiten treffen. Er schlägt stattdessen vor, Klimaschutzregeln anhand einer Kosten-Nutzen-Bilanz zu prüfen und nur förderliche beizubehalten. Generelle Steuer- und Sozialkürzungen sind ihm zu simpel, allenfalls gezielt in Einzelfällen sinnvoll. Er betont die Bedeutung von Anreizen, will diese aber nicht auf Arbeitslose oder Geflüchtete richten, sondern bevorzugt Entlastungen für die Mittelschicht.",7.0108542,12.350879
D4E2_967,54.0,männlich,3000-5000€,Ingenieur,CDU,0,Allgemeines Weltbild,"Der Proband hält den Leitspruch nicht mehr in seiner absoluten Form für zutreffend, da sich die Gesellschaft zu weit von diesem Ideal entfernt hat.",-7.0206213,6.092616
D5B4_996,43.0,weiblich,2000-3000€,Lehrerin,SPD,1,Bewertung der aktuellen Lage in Deutschland,"Der Proband bewertet die aktuelle Lage in Deutschland als eher schwierig und negativ, da politische Blockaden, wirtschaftliche Unsicherheit und internationale Krisen die Stimmung und Entwicklung bremsen. Er erklärt, dass Jobabbau in einst sicheren Branchen, steigende Arbeitslosigkeit, Preissteigerungen, Unternehmensschließungen und die Angst vor Krieg zum Pessimismus beitragen. Er sieht keinen Bereich, in dem es gut läuft, und stellt rassistische sowie polemische Tendenzen im persönlichen Umfeld fest. Für die Zukunft prognostiziert er einen leichten Abwärtstrend, bleibt aber zugleich ambivalent zwischen Sorge und Optimismus, da manche Probleme sich selbst lösen könnten und noch Potenzial für Veränderungen besteht. Er fordert einen starken politischen Impuls mit einem klaren Plan sowie umfassende Reformen, um die Wirtschaft zu beleben und den internationalen Anschluss Deutschlands zu sichern.",7.2801814,11.681768
D5B4_996,43.0,weiblich,2000-3000€,Lehrerin,SPD,1,Gründe für eine mögliche Krise Deutschlands,"Der Befragte sieht bei Deutschlands aktuellen Problemen sowohl äußere Faktoren (Covid-Pandemie, Ukraine-Krieg und daraus resultierende Inflation) als auch hausgemachte Ursachen (Krise der Autoindustrie, unzureichende Renten- und Infrastrukturpolitik). Er erklärt, dass die Inflation den Wirtschaftsstandort weniger lukrativ macht und die Nachfrage durch Verunsicherung sinkt, während langfristige politische Vernachlässigung zu Strukturproblemen geführt hat. Als zentrale Lösungsansätze fordert er eine handlungsfähige, konstruktive Regierung mit klarem Wirtschaftsplan, die Schuldenbremse temporär auszusetzen sowie einen verbindlichen langfristigen Plan, um Unternehmen Sicherheit zu geben.",7.2801814,11.681768
D5B4_996,43.0,weiblich,2000-3000€,Lehrerin,SPD,1,Lösungen für die Probleme,"Der Proband ist grundsätzlich skeptisch gegenüber einfachen, populistischen Maßnahmen und lehnt Vorschläge ab, die ungerecht erscheinen oder kurzfristig wirken, wie die Abschaffung von Klimaschutzregeln, eine einseitige Betonung nationaler Interessen ohne EU-Zusammenarbeit, Abschottung gegen Migration oder Steuersenkungen verbunden mit Sozialkürzungen. Er betont stattdessen die Notwendigkeit von gezielter Umverteilung durch höhere Erbschafts- und Vermögenssteuern, den Ausbau erneuerbarer Energien und eine effiziente Verwaltung (insbesondere bei Ausländerbehörden). Er hält konservative Werte für mitverantwortlich für die aktuellen Probleme und plädiert für eine progressivere Ausrichtung in der Zukunft. Gleichzeitig glaubt er, dass Deutschland nur im EU-Verbund stark sein kann. Als Alternative zu Kürzungen und Leistungsentzug schlägt er vor, soziale Verbesserungen ohne Einschnitte bei den Wohlhabenden umzusetzen und durch steuerliche Freibeträge sowie höhere Spitzensteuersätze Anreize zu setzen.",7.2801814,11.681768
D5B4_996,43.0,weiblich,2000-3000€,Lehrerin,SPD,1,Allgemeines Weltbild,"Der Proband hält das Sprichwort ‚Jeder ist seines eigenen Glückes Schmied‘ für überwiegend auf Mittel- und Oberschichtangehörige zutreffend, da hohe finanzielle Belastungen für viele die Selbstverbesserung unmöglich machen und Unternehmensgründungen ohne Absicherung deutlich schwerer sind. Er blickt optimistisch in die Zukunft, weil die Probleme bekannt sind und durch gesellschaftliche Einigung, Normalisierung nach einer Hochphase, Ausbau erneuerbarer Energien zur Inflationssenkung sowie geduldiges Abwarten internationaler Krisen bewältigt werden können. Dabei fordert er, dass sich die Gesellschaft auf einen gemeinsamen Lösungsweg einigt und Deutschland Geduld zeigt.",-6.7429423,7.503615
E4D4_101,,,,,,nan,Bewertung der aktuellen Lage in Deutschland,"Der Proband verweigert eine Diskussion über die aktuelle Lage in Deutschland und schlägt stattdessen vor, über Fußball zu sprechen.",7.887105,12.173368
E4D4_101,,,,,,nan,Gründe für eine mögliche Krise Deutschlands,"Der Interviewabschnitt enthält keine Aussagen zur aktuellen Lage in Deutschland oder politischen Einschätzungen. Der Proband thematisiert stattdessen persönliche Missverständnisse bezüglich Freundschaft, Vertrauen und Geld.",7.887105,12.173368
E4D4_101,,,,,,nan,Lösungen für die Probleme,"Der Proband hat nur ein ""h"" geantwortet und keine inhaltlichen Aussagen zu Lösungen oder Maßnahmen gemacht.",7.887105,12.173368
E4D4_101,,,,,,nan,Allgemeines Weltbild,"Der Proband hat auf die Fragen kein inhaltlich verständliches Feedback gegeben und liefert keine Bewertungen, Erklärungen oder Vorschläge.",-7.9352427,7.657336
E4E3_989,34.0,männlich,2000-3000€,Sachbearbeiter,CDU,2,Bewertung der aktuellen Lage in Deutschland,"Der Befragte äußert eine sehr negative Haltung zur aktuellen Situation in Deutschland, insbesondere zur Politik und zur Regierung. Er sieht drei zentrale Problembereiche: Pflege, Wirtschaft und Grenzpolitik. Als Folge des Pflegekräftemangels erklärt er, dass ältere Menschen unterversorgt werden. Als Lösung schlägt er vor, Pflegekräften mehr Gehalt zu zahlen, um den Pflegeberuf attraktiver zu machen und so den Mangel zu beheben.",5.2744365,10.723122
E4E3_989,34.0,männlich,2000-3000€,Sachbearbeiter,CDU,2,Gründe für eine mögliche Krise Deutschlands,"Der Befragte sieht neben höheren Gehältern keine weiteren Maßnahmen, um die Attraktivität des Pflegeberufs zu steigern.",5.2744365,10.723122
E4E3_989,34.0,männlich,2000-3000€,Sachbearbeiter,CDU,2,Lösungen für die Probleme,"Der Proband sieht Deutschland als Wirtschaftsstandort derzeit nicht mehr wettbewerbsfähig und schlägt als Lösung Steuersenkungen vor, obwohl er unschöne Verteilungseffekte anerkennt. Er lehnt es jedoch strikt ab, Sozialleistungen zu reduzieren, weil dies aus seiner Sicht unmenschlich gegenüber Bedürftigen wäre. Die aktuelle Grenzsituation empfindet er als inhuman, da sie weder offen noch geschlossen ist und dadurch Tausende ihr Leben riskieren. Für eine humane und effektive Grenzpolitik hat er keine konkreten Vorschläge.",5.2744365,10.723122
F5E3_704,,,,,,1,Bewertung der aktuellen Lage in Deutschland,"Der Proband bewertet sowohl die allgemeine Lage in Deutschland als auch speziell die wirtschaftliche Situation als gut, gibt jedoch keine weiteren Details oder Kritikpunkte an.",8.260651,12.545451
F5E3_704,,,,,,1,Gründe für eine mögliche Krise Deutschlands,"Der Proband verweigert konkrete Aussagen zu möglichen Krisenursachen und bewertet die aktuelle Lage in Deutschland als unproblematisch, indem er erklärt, es gebe keine Probleme.",8.260651,12.545451
F5E3_704,,,,,,1,Lösungen für die Probleme,"Der Befragte lehnt eine einkommensbasierte Umverteilung ab, da höhere Einkommen mobiler seien und solche Regeln daher wirkungslos seien. Stattdessen hält er Vermögen für den geeigneten Ansatzpunkt. Er schlägt vor, eine gesetzliche Verpflichtung zur Offenlegung von Vermögen einzuführen, um damit die Grundlage für eine Vermögenssteuer zu schaffen. Eine solche Steuer auf passives Vermögen würde seiner Einschätzung nach keine wirtschaftlich negativen Effekte mit sich bringen.",8.260651,12.545451
F6N2_999,44.0,männlich,5000-7500€,Leitender Angestellter,Grüne,1,Bewertung der aktuellen Lage in Deutschland,"Der Befragte bewertet die gegenwärtige Lage in Deutschland als eher negativ, unsicher und geprägt von mangelnder politischer Zusammenarbeit. Insbesondere das Bildungssystem und die Anerkennung ausländischer Ausbildungen empfindet er als unzureichend. Positiv hebt er die demokratischen Grundsätze, das ehrenamtliche Engagement und die vielfältigen Möglichkeiten hervor. Er erklärt die schlechte Stimmung u. a. durch die prekäre Versorgung vieler Kinder und den wirtschaftlichen Schwund sowie fehlende Solidarität. Als Lösung schlägt er vor, ausländische Fachausbildungen umfassend anzuerkennen und dies als großes Projekt staatlich zu unterstützen.",5.680514,10.916448
F6N2_999,44.0,männlich,5000-7500€,Leitender Angestellter,Grüne,1,Gründe für eine mögliche Krise Deutschlands,"Der Proband betrachtet die Krise in Deutschland als Ergebnis der Wechselwirkung zwischen äußeren Faktoren wie der Covid-Pandemie und dem Ukraine-Krieg sowie mangelhaftem politischem Handeln. Er bewertet die Politik als unentschlossen und kritisiert die unzureichende Zusammenarbeit politischer Akteure. Zur Stabilisierung spricht er sich für mehr Einigkeit in der Demokratie sowie verstärkte Zusammenarbeit bei minimalem Zeit- und Ressourcenverlust aus. Unverändertes Weiterfahren birgt aus seiner Sicht die Gefahr, dass die Demokratie erodiert, die Unzufriedenheit wächst und Deutschland an Stärke verliert.",5.680514,10.916448
F6N2_999,44.0,männlich,5000-7500€,Leitender Angestellter,Grüne,1,Lösungen für die Probleme,"Der Befragte bewertet radikale Umbauten wie die Abschaffung von Klimaregeln und eine Hinwendung zu traditionellen Werten als negativ und warnt vor Rückschritt und Ungleichheit. Er betont, dass Leistung zwar belohnt werden sollte, zugleich aber soziale Härten und Benachteiligung von Kranken, Arbeitslosen und Eltern verhindert werden müssen. Als Kern seiner politischen Gestaltungswünsche nennt er den Ausbau von Bildungschancen, die Aufwertung von Arbeit, gezielte Entwicklungsausgaben, Anreize und Einmalzahlungen, eine Einschränkung der Handynutzung in Grundschulen sowie eine Politik mit gewaltfreier Kommunikation und Verlässlichkeit. Zugleich plädiert er für eine gelebte Willkommenskultur, kontrollierte Abschiebung straffälliger Migranten und eine ernsthafte Berücksichtigung von Frieden und Umweltschutz.",5.680514,10.916448
F6N2_999,44.0,männlich,5000-7500€,Leitender Angestellter,Grüne,1,Allgemeines Weltbild,"Der Proband steht dem Ideal, dass jeder seines eigenen Glückes Schmied ist, skeptisch gegenüber und hält den Traum vom Tellerwäscher für unrealistisch. Er betont, dass berufliche Zufriedenheit, Anerkennung und ein gutes, mobbingfreies soziales Umfeld Voraussetzungen für Glück sind. Er befürwortet gender-gerechte Sprache als normal und unterstützt die erleichterte Änderung des Geschlechts im Ausweis. Im Klimaschutz fordert er mehr Maßnahmen. Politisch zeigt er klare Präferenz für die Grünen und kann sich aktuell keinen Wechsel vorstellen.",-5.305836,6.7353473
G1I8_667,37.0,männlich,3000-5000€,Angestellter,SPD,nan,Bewertung der aktuellen Lage in Deutschland,"Der Proband hat noch keine inhaltlichen Aussagen gemacht, da nur die Begrüßung und Einstiegsfrage erfolgten.",8.640111,12.393741
G1I8_667,37.0,männlich,3000-5000€,Angestellter,SPD,nan,Gründe für eine mögliche Krise Deutschlands,"Der Proband sieht die aktuellen Probleme in Deutschland vor allem in der Innenpolitik und nennt verschiedene Faktoren, die zu einer Krise führen könnten: Rechtspopulismus, Wirtschaftskrise, gesellschaftliche Spaltung, sinkende Kaufkraft, mangelnde sachliche Diskussion und Kaufzurückhaltung. Diese Ursachen umfassen politische, ökonomische und gesellschaftliche Entwicklungen ohne direkte politische Lösungsanregungen.",8.640111,12.393741
G1I8_667,37.0,männlich,3000-5000€,Angestellter,SPD,nan,Lösungen für die Probleme,"Der Befragte sieht in der Kaufzurückhaltung eine zunehmende Scheu, offen Meinung zu äußern, was er als Risiko für den gesellschaftlichen Diskurs und sogar für den Arbeitsmarkt einschätzt. Als Gegenmaßnahme fordert er paradox anmutend ein gesteigertes Misstrauen untereinander, um kritisches Denken und Vorsicht zu fördern.",8.640111,12.393741
G1I8_667,37.0,männlich,3000-5000€,Angestellter,SPD,nan,Allgemeines Weltbild,"Der Befragte betont, dass zur Stärkung des gesellschaftlichen Zusammenhalts zuerst Arbeitsplätze gefestigt und Energiekosten gesenkt werden müssen. Langfristig fordert er verstärkte Bildungsinvestitionen – von besseren Schulgebäuden über kostenfreies Schulessen, Sozialarbeiter und kleinere Klassen bis zur verpflichtenden Kita und gezielter Sprachförderung. Er sieht im Ausbau erneuerbarer Energien eine Chance für wirtschaftliche Stabilität, Unabhängigkeit von fossilen Brennstoffen und neue Arbeitsplätze. Um dem Fachkräftemangel im Handwerk und in der Industrie zu begegnen, schlägt er zudem die Schaffung zusätzlicher Ausbildungsplätze vor.",-8.25294,7.121282
G1I8_667,37.0,männlich,3000-5000€,Angestellter,SPD,nan,Informationsquellen,"Der Proband schlägt vor, Betriebe sollten direkt in Schulen gehen und ihre Vorzüge präsentieren, um Schulabbrüche zu reduzieren und betriebliche Ausbildungen zu fördern. Außerdem fordert er finanzielle Hilfen (wie BAföG, Fahrkarten, Führerschein), mehr Praktika in Betrieben sowie das Engagement des Arbeitsamts, neue Berufe vorzustellen, um den Zugang zur Ausbildung zu erleichtern und die Motivation der Schüler zu steigern.",16.5533,1.5531578
G6U2_540,73.0,weiblich,2000-3000€,Rentnerin,Grüne,-1,Bewertung der aktuellen Lage in Deutschland,"Der Proband empfindet die aktuelle Lage in Deutschland als beunruhigend, insbesondere aufgrund der Wahlergebnisse und des wahrgenommenen Rechtsdrucks. Er kritisiert die sozialen Bereiche wie Pflege und Bildung als verbesserungsbedürftig, schätzt jedoch die grundlegende Versorgung, Sicherheit und Attraktivität Deutschlands als Zufluchtsort. Die schlechte Stimmung in der Öffentlichkeit nimmt er über Wahlergebnisse und Medien wahr, während sein persönliches Umfeld nicht betroffen ist. Er erklärt den Glauben an einen Niedergang Deutschlands durch soziale und wirtschaftliche Abgehängtheit, die Frust in Feindbildern fördert. Obwohl er die nationale Entwicklung als bergab einschätzt, bleibt er optimistisch für die Zukunft, weil sein persönliches soziales Netzwerk aktiv gegen negative Entwicklungen vorgeht.",7.5521626,11.223912
G6U2_540,73.0,weiblich,2000-3000€,Rentnerin,Grüne,-1,Gründe für eine mögliche Krise Deutschlands,"Der Befragte ist der Ansicht, dass vor allem externe Einflüsse – exemplarisch am Beispiel von Unwettern in Spanien und den darauffolgenden Protesten – Krisen in Deutschland verstärken könnten. Er betont jedoch, zunächst unklar zu sein, was die aktuellen hausgemachten Probleme in Deutschland konkret sind.",7.5521626,11.223912
G6U2_540,73.0,weiblich,2000-3000€,Rentnerin,Grüne,-1,Lösungen für die Probleme,"Der Proband reagiert auf verschiedene politische Vorschläge überwiegend ablehnend oder neutral. Er bewertet Umverteilung als neutral umgesetzt, lehnt konservative Werte, nationalistische und abschottende Politik sowie Abschaffung von Klimaschutzregeln strikt ab. Er betont die Bedeutung von Migration zur Vermeidung von Fachkräftemangel, kritisiert Steuer- und Sozialkürzungen als falsches Gießkannenprinzip und hebt hervor, dass nur sehr wenige Bürgergeldempfänger tatsächlich Arbeitsangebote verweigern.",7.5521626,11.223912
G6U2_540,73.0,weiblich,2000-3000€,Rentnerin,Grüne,-1,Allgemeines Weltbild,"Der Interviewte lehnt die uneingeschränkte Aussage des Spruchs „Jeder ist seines eigenen Glückes Schmied“ ab und betont, dass ungleiche Startvoraussetzungen und Kindheitserfahrungen die individuelle Selbstverantwortung einschränken. Er steht gendergerechter Sprache positiv gegenüber, hat aber keine Meinung zu den aktuellen Regelungen zur Geschlechtsänderung im Ausweis. Beim Klimaschutz ist er der Meinung, dass Deutschland die nicht hoch gesteckten Klimaziele ohnehin nicht erreichen wird und deshalb mehr tun muss. Konkret schlägt er die Förderung des öffentlichen Nahverkehrs, eine differenzierte Besteuerung von Fleisch und Milchprodukten, das Verbot von Kurzstreckenflügen sowie die Unterstützung der Industrie beim Umstieg auf Ökostrom vor. In der politischen Ausrichtung würde er bei der nächsten Bundestagswahl die Grünen wählen.",-7.0806932,8.294836
H7I0_728,42.0,weiblich,3000-5000€,Teamleiterin in einer Versicherung,MUSS WEG,nan,Bewertung der aktuellen Lage in Deutschland,"Der Befragte empfindet die Digitalisierung in Deutschland als sehr schleppend und unzureichend, was er auf fragmentierte Verantwortungen und fehlendes einheitliches Konzept zurückführt. Er sieht dies als Ursache für gebremste Abläufe im Alltag und fordert deshalb den Ausbau von Glasfaser- und Internetinfrastruktur im ländlichen Raum. Im Gegensatz dazu bewertet er den Fußball positiv, insbesondere die Bundesliga als super attraktiv dank vieler Tore von Harry Kane. Die allgemeine Stimmung in Deutschland hält er ebenfalls für gut, während er annimmt, dass Menschen, die eine negative Entwicklung wahrnehmen, zu viel Nachrichten und Online-Medien konsumieren.",6.230338,12.278318
H7I0_728,42.0,weiblich,3000-5000€,Teamleiterin in einer Versicherung,MUSS WEG,nan,Gründe für eine mögliche Krise Deutschlands,"Der Befragte ist überzeugt, dass die Medienberichterstattung vor allem die Stimmung der Menschen beeinflusst. Er sieht bei der Digitalisierung in Deutschland vorrangig einen fehlenden Umsetzungswillen, der durch Lobbyismus und politische Einflussnahme bedingt ist. Realistische Schritte zur Verbesserung hält er für nicht vorhanden und empfindet die Lage als hoffnungslos.",6.230338,12.278318
H7I0_728,42.0,weiblich,3000-5000€,Teamleiterin in einer Versicherung,MUSS WEG,nan,Lösungen für die Probleme,"Der Proband lehnt die Umverteilung von reichen zu ärmeren Menschen ab und schlägt stattdessen vor, mehr Umverteilung an die reichen Menschen zu richten, um Deutschland wieder in Schwung zu bringen.",6.230338,12.278318
L8M1_541,38.0,weiblich,3000-5000€,Projektmanagerin ,SPD,1,Bewertung der aktuellen Lage in Deutschland,"Der Befragte bewertet die ökonomische Lage in Deutschland als angespannt, hält die mediale Darstellung aber für übertrieben negativ. Auf individueller Ebene sieht er die Situation als sehr gut an. Gleichzeitig äußert er große Bedenken hinsichtlich gesellschaftlichen Zusammenhalts, Debattenkultur und zunehmender Ungleichheit, wodurch die Mitte der Gesellschaft kleiner wird. Positiv hervorgehoben wird der Umstieg auf erneuerbare Energien. Insgesamt schätzt er die gesamtgesellschaftliche Entwicklung als stabil ein, blickt jedoch eher sorgenvoll in die Zukunft.",6.316224,11.229487
L8M1_541,38.0,weiblich,3000-5000€,Projektmanagerin ,SPD,1,Gründe für eine mögliche Krise Deutschlands,"Der Proband äußert Besorgnis über einen schwindenden gesellschaftlichen Zusammenhalt in Deutschland und sieht in externen Krisen wie der Covid-Pandemie und dem Ukraine-Krieg Ursachen für tiefgreifende Herausforderungen, die politische Fehler der Vergangenheit aufdecken und drastische Einschnitte erfordern. Er führt zudem mangelnde Investitionen in wirtschaftlich guten Zeiten als Grund für den geringen Handlungsspielraum an. Trotz dieser Probleme ist er zuversichtlich, dass die Politik künftig die notwendigen Entscheidungen treffen kann, wenn auch nicht perfekt. Als konkrete Lösungsansätze fordert er vor allem einen konstruktiveren Austausch zwischen den demokratischen Parteien und eine Reduzierung von Populismus.",6.316224,11.229487
L8M1_541,38.0,weiblich,3000-5000€,Projektmanagerin ,SPD,1,Lösungen für die Probleme,"Der Befragte befürwortet eine differenzierte Umverteilung von Vermögen zugunsten ärmerer Menschen, lehnt eine Rückbesinnung auf konservative und traditionelle Werte ab und möchte die bestehenden Klimaschutzregelungen nicht abschaffen. Gleichzeitig ist er offen für eine stärkere Betonung nationaler Interessen und sieht eine begrenzte, gut geregelte Abschottung gegen Migration als möglich, bewertet Migration jedoch nicht als das vordringlichste Problem.",6.316224,11.229487
N0I6_294,51.0,weiblich,2000-3000€,Friseurin,BSW,-1,Bewertung der aktuellen Lage in Deutschland,"Der Befragte bewertet die aktuelle Situation in Deutschland insgesamt als eher negativ und benennt insbesondere die Wirtschaft und den Trend zum Rechtspopulismus als Problembereiche. Er erklärt, dass wirtschaftliche Ungewissheit die zukünftige Lebensqualität verschlechtern könnte und dass der Rechts­populismus Rassismus und Ausländerfeindlichkeit fördert. Er sieht keine Bereiche, die besonders gut laufen, und persönliche Erfahrungen, wie Probleme von Freunden bei der Arbeitssuche, tragen seiner Ansicht nach zur Wahrnehmung bei, dass es mit Deutschland bergab geht. Insgesamt glaubt er, dass es aktuell bergab geht.",6.3661103,10.490014
N0I6_294,51.0,weiblich,2000-3000€,Friseurin,BSW,-1,Gründe für eine mögliche Krise Deutschlands,"Der Proband äußert Unsicherheit, hält aber eine Mischung aus externen Faktoren und hausgemachten Ursachen für verantwortlich und kann keine konkreten politischen Fehlentscheidungen benennen.",6.3661103,10.490014
N0I6_294,51.0,weiblich,2000-3000€,Friseurin,BSW,-1,Lösungen für die Probleme,"Der Befragte zeigt sich neutral gegenüber der Idee, durch Umverteilung von Reichen zu Ärmeren Deutschland wieder in Schwung zu bringen. Er ist nicht grundsätzlich dagegen, zweifelt jedoch an deren konkreter Wirksamkeit und kann keine eigenen Vorschläge für Lösungsansätze nennen.",6.3661103,10.490014
N0I6_294,51.0,weiblich,2000-3000€,Friseurin,BSW,-1,Allgemeines Weltbild,"Der Proband blickt pessimistisch in die Zukunft, da er eine Zunahme von Kriegen und einen gesellschaftlichen Zusammenbruch wahrnimmt. Er wünscht sich daher vor allem eine Verbesserung der Lebensbedingungen der Menschen und das Ende von Kriegen, um wieder positiver in die Zukunft schauen zu können.",-5.145643,7.4471784
N0I6_294,51.0,weiblich,2000-3000€,Friseurin,BSW,-1,Informationsquellen,"Der Proband bezieht seine politischen Informationen hauptsächlich von YouTube, bedauert dies jedoch etwas. Er nutzt dort vor allem die Kanäle DW, RBB und BBC, da er beim Zuhören essen kann. Zusätzlich liest er gelegentlich Online-Nachrichtenartikel. Er nimmt weder Chatgruppen noch Social Media zur Politikrecherche wahr. Die öffentlich-rechtliche Berichterstattung von ARD und ZDF findet er in Ordnung, sieht aber keinen besonderen Anlass, sie regelmäßig zu verfolgen.",18.053255,2.9855287
P4R6_720,68.0,weiblich,2000-3000€,Rentnerin,Grüne,1,Bewertung der aktuellen Lage in Deutschland,"Der Proband bewertet die aktuelle Lage in Deutschland als beunruhigend, insbesondere in den Bereichen Wirtschaft, politische Führung und Personalmangel. Er kritisiert das Fehlen geeigneter Politiker als Führungskräfte und wünscht sich für die Zukunft sozial-demokratisch, ehrliche und entscheidungsfreudige Führungspersönlichkeiten ohne Machtgehabe. Positiv hervorgehoben werden die medizinische Versorgung, ausreichende Wärme, Ernährung, das Wahlrecht sowie die Freiheit in Deutschland. Seine Zukunftserwartung ist jedoch von Sorgen geprägt, die er auf einen Rechtsruck in der Gesellschaft und mangelnde Bereitschaft zum Klimaschutz zurückführt.",5.129012,11.471228
P4R6_720,68.0,weiblich,2000-3000€,Rentnerin,Grüne,1,Gründe für eine mögliche Krise Deutschlands,"Der Befragte sieht die aktuellen Herausforderungen sowohl in externen als auch in internen politischen Faktoren begründet und findet es sehr komplex, die wichtigsten Einflussfaktoren genauer zu benennen.",5.129012,11.471228
P4R6_720,68.0,weiblich,2000-3000€,Rentnerin,Grüne,1,Lösungen für die Probleme,"Der Befragte betont, dass Bürger und Politiker gemeinsam an den Problemen arbeiten und das Gegeneinander beenden sollten, um die Situation in Deutschland zu verbessern. Als ersten Schritt nennt er mehr Einsicht der Menschen, kann jedoch nicht konkretisieren, wie diese Einsicht zu erreichen wäre.",5.129012,11.471228
P4R6_720,68.0,weiblich,2000-3000€,Rentnerin,Grüne,1,Allgemeines Weltbild,"Der Befragte zeigt eine neutrale, gespannte Haltung gegenüber seiner persönlichen Zukunft und äußert die Hoffnung, dass Menschen weniger egoistisch handeln und stattdessen mehr Gemeinschaftssinn entwickeln.",-7.271263,7.84632
P4R6_720,68.0,weiblich,2000-3000€,Rentnerin,Grüne,1,Informationsquellen,Der Befragte sieht in seinem Umfeld keine Anzeichen für einen wachsenden Gemeinschaftssinn.,18.331993,2.1457248
S6K1_562,43.0,weiblich,3000-5000€,Lehrerin,SPD,-1,Bewertung der aktuellen Lage in Deutschland,"Der Proband bewertet die aktuelle Lage in Deutschland insgesamt eher negativ, wenn auch nicht katastrophal. Er sieht Probleme insbesondere in der Debattenkultur, der Schuldenbremse und dem Wirtschaftswachstum. Er erklärt, dass die Wahrnehmung und Erwartungen der Menschen nicht mehr übereinstimmen, was zu pessimistischen Ansichten führt. Insgesamt blickt er gesamtgesellschaftlich pessimistisch in die Zukunft, ist persönlich jedoch zuversichtlich.",7.189067,10.688608
S6K1_562,43.0,weiblich,3000-5000€,Lehrerin,SPD,-1,Gründe für eine mögliche Krise Deutschlands,"Der Befragte kritisiert, dass viele Menschen politische Entscheidungen nicht als Reaktion auf äußere Ereignisse und notwendige Kompromisse erkennen. Er erläutert, dass die Bevölkerung die Komplexität der Politik unterschätzt und dennoch starke Meinungen dazu hat, was die Problemlösung erschwert. Als Lösungsansatz sieht er vor allem Bildung, zweifelt jedoch daran, dass damit wirklich alle erreicht werden können.",7.189067,10.688608
S6K1_562,43.0,weiblich,3000-5000€,Lehrerin,SPD,-1,Lösungen für die Probleme,"Der Befragte bevorzugt Umverteilung durch Investitionen in Infrastruktur, die von reichen Menschen stärker mitgetragen werden sollen, und sieht Infrastruktur als grundsätzliche Voraussetzung für Wachstum. Er lehnt pauschale oder vereinfachte politische Ansätze ab – etwa konservative/traditionelle Werte, das Abschaffen von Klimaschutzregeln, Nationalismus oder Migrationseinschränkungen – und bewertet sie negativ als unterkomplex oder platt. Klimaschutz hält er für notwendig und unterstützt gezielt den CO2-Preis als sinnvolle Maßnahme.",7.189067,10.688608
S6K1_562,43.0,weiblich,3000-5000€,Lehrerin,SPD,-1,Allgemeines Weltbild,"Der Proband betont, dass Migration essenziell für den deutschen Wohlstand ist und fordert, Deutschland als modernes Einwanderungsland attraktiv für gut Ausgebildete zu machen sowie bestehende Barrieren für Migranten beim Zugang zum Arbeitsmarkt abzubauen.",-6.381295,6.428306
S6K1_562,43.0,weiblich,3000-5000€,Lehrerin,SPD,-1,Informationsquellen,"Der Interviewte bezieht seine politischen Informationen vorwiegend aus Zeitungen und etablierten Print- und Onlinemedien, um sich bewusst ausgewogen zu informieren. Er bewertet die Berichterstattung von ARD und ZDF als positiv, weil diese unabhängig von monetären Zwängen sind und dadurch auch weniger kommerziell attraktive Themen aufgreifen. Zudem folgt er Journalisten auf Twitter, ist jedoch nicht in politischen Chatgruppen aktiv.",17.396717,2.315779
Y7S5_696,53.0,weiblich,3000-5000€,Angestellte im sozialen Bereich,Grüne,1,Bewertung der aktuellen Lage in Deutschland,"Der Proband bewertet die aktuelle Situation in Deutschland als „schrottig“ und sieht insbesondere die wirtschaftliche Lage, die Inflation und einen generellen Rechtsruck als Hauptprobleme. Er erklärt die negative Wahrnehmung damit, dass viele Menschen eine romantisierte Vorstellung ihrer eigenen Vergangenheit haben und dass Deutschland im internationalen Vergleich, insbesondere gegenüber China, an Einfluss verliere. Insgesamt sieht er die Entwicklung Deutschlands als rückläufig und blickt mit Sorge in die Zukunft.",8.120653,10.398556
Y7S5_696,53.0,weiblich,3000-5000€,Angestellte im sozialen Bereich,Grüne,1,Gründe für eine mögliche Krise Deutschlands,"Der Proband sieht eine mögliche Krise in Deutschland als Folge des Zusammenspiels externer Faktoren und populistischer Stimmen, die einfache Lösungen versprechen. Er bewertet die aktuelle Politik als völlig unfähig, diese Herausforderungen zu bewältigen, weil die Parteien keine klaren Mehrheiten mehr erzielen, unsicher im Umgang mit der AfD sind und kurzfristige Wahlversprechen beibehalten, obwohl langfristige Politik nötig wäre. Angesichts dieser Perspektivlosigkeit äußert er eine resignierte Haltung und hofft, eines natürlichen Todes zu sterben, bevor die Welt untergeht.",8.120653,10.398556
Y7S5_696,53.0,weiblich,3000-5000€,Angestellte im sozialen Bereich,Grüne,1,Lösungen für die Probleme,"Der Befragte zeigt sich grundsätzlich offen für Umverteilung von Reichen zu Ärmeren und begrüßt gezielte Entlastungen für Mittel- und Unterschicht. Konservative Werte wie Familienförderung und eine inklusive Heimatverbundenheit hält er für sinnvoll, lehnt aber traditionalistische Rollenbilder ab. Er kritisiert symbolische Klimaregeln und schnelle, ineffektive Maßnahmen, sieht jedoch langfristigen Klimaschutz als notwendig. Die Priorisierung nationaler Interessen und eine stärkere Abschottung gegen Migration bewertet er skeptisch bzw. lehnt sie ab. Kürzungen von Sozialleistungen lehnt er als falschen Weg ab, während er Anreize für Arbeitslose unterstützt. Außerdem bemängelt er Überbezahlungen in bestimmten Berufsbereichen.",8.120653,10.398556
Y7S5_696,53.0,weiblich,3000-5000€,Angestellte im sozialen Bereich,Grüne,1,Allgemeines Weltbild,"Der Befragte findet gendergerechte Sprache in offiziellen Kontexten gut, sieht sie im Privatgebrauch allerdings als relativ egal an. Er bewertet Deutschlands bisherige Klimaschutzmaßnahmen als unzureichend und fordert deutlich stärkere Aktivitäten. Als Lösungsansätze schlägt er unter anderem den Ausbau des ÖPNV in ländlichen Regionen, günstigere Deutsche-Bahn-Tickets, Bürokratieabbau bei Windrad-Genehmigungen, autofreie Innenstädte sowie mehr Klimaaufklärung in Schulen vor. Politisch würde er bei einer bevorstehenden Bundestagswahl die Grünen wählen und sieht die SPD als weitere Option.",-5.994157,5.9048834
Z3R9_208,42.0,weiblich,2000-3000€,Angestellte,SPD,2,Bewertung der aktuellen Lage in Deutschland,"Der Befragte bewertet die allgemeine Situation in Deutschland als weiterhin gut, sieht jedoch insbesondere eine wirtschaftliche Verschlechterung in der Automobilindustrie – bedingt durch Arbeitskämpfe bei VW, rückläufige Exporte nach China und schleppende E-Mobilität. Er erkennt Fortschritte bei der Energiewende, äußert aber Zweifel, dass diese aufgrund politischer Aufladung und mangelnder Wahrnehmung die Stimmung verbessern. Generell glaubt er, dass Deutschland nach vielen guten Jahren aktuell eher in eine Abwärtsbewegung geraten ist. Die mediale Betonung von Problemen trägt laut ihm zur negativen Wahrnehmung bei.",5.78097,12.09804
Z3R9_208,42.0,weiblich,2000-3000€,Angestellte,SPD,2,Gründe für eine mögliche Krise Deutschlands,"Der Befragte erklärt, dass die aktuelle Gesamtlage hauptsächlich durch äußere Faktoren wie Pandemie, Inflation und geopolitische Konflikte bestimmt wird, während Politik nur eine untergeordnete Rolle spielt. Er kritisiert konservative Entscheidungen vergangener Bundesregierungen als Ursache mangelnder Vorbereitung auf Veränderungen. Als Lösung schlägt er vor, verstärkt in Innovation und Zukunft zu investieren, Veränderungen frühzeitig zu antizipieren und vorzubereiten. Konkret fordert er ein gesamtdeutsches Investitionspaket und eine klare, positive politische Positionierung für Innovation und Zukunft, um Unternehmen und Menschen zu motivieren, mehr in Zukunftstechnologien zu investieren.",5.78097,12.09804
Z3R9_208,42.0,weiblich,2000-3000€,Angestellte,SPD,2,Lösungen für die Probleme,"Der Befragte befürwortet eine Umverteilung von Reichtum von wohlhabenden zu ärmeren Menschen, da er darin eine Möglichkeit sieht, Ungleichheit zu reduzieren, Zusammenhalt zu stärken und Konsum anzukurbeln. Er erkennt jedoch Herausforderungen in der gesellschaftlichen Akzeptanz und führt an, dass Teile der Bevölkerung und Kritiker höhere Steuerbelastungen für Unternehmer sowie internationale Wettbewerbsnachteile befürchten. Als Lösungsansatz schlägt er vor, geplante Maßnahmen transparent zu erklären, sich klar auf Spitzenverdiener zu fokussieren und eine breite politische Koalition zu bilden, um Ängste zu nehmen und das Vertrauen der Menschen zu stärken. Politische Akteure beurteilt er als wenig in der Lage, solche Maßnahmen einfach effektiv umzusetzen.",5.78097,12.09804
Z3R9_208,42.0,weiblich,2000-3000€,Angestellte,SPD,2,Allgemeines Weltbild,"Der Proband verweist auf die Anzahl der verbleibenden Fragen und macht keine inhaltlichen Angaben zum Leitspruch oder zum Thema; es liegen keine Bewertungen, Erklärungen oder Vorschläge vor.",-5.6546826,7.8989897
Z3R9_208,42.0,weiblich,2000-3000€,Angestellte,SPD,2,Informationsquellen,"Der Proband bezieht seine politischen Informationen hauptsächlich aus Online-Angeboten und Social Media, vertraut aber vor allem etablierten Medien wie SZ, Tagesschau, Spiegel und Financial Times, weil er deren fundierte und objektive Berichterstattung schätzt. Er nutzt Social Media sowohl für politische als auch für andere Inhalte und beteiligt sich nicht an Chatgruppen.",17.252329,3.9196227
Z9L0_859,38.0,männlich,2000-3000€,angestellter Bürokaufmann,SPD,2,Bewertung der aktuellen Lage in Deutschland,"Der Proband bewertet die aktuelle Situation in Deutschland als desaströs und führt das auf die Entfremdung und Selbstbereicherung der Politiker zurück. Er sieht zwar, dass die einzelnen Politikressorts gute Arbeit leisten, kritisiert jedoch, dass Parteischarmützel diese Erfolge verdecken. Die verbreitete Wahrnehmung eines Abwärtstrends erklärt er mit der zunehmenden Einkommensschere und mangelnder Entlastung der Mittelschicht. Insgesamt ist er jedoch optimistisch und glaubt, dass es langfristig mit Deutschland bergauf gehen wird.",7.7856884,10.892701
Z9L0_859,38.0,männlich,2000-3000€,angestellter Bürokaufmann,SPD,2,Gründe für eine mögliche Krise Deutschlands,"Der Proband ist optimistisch, weil in Deutschland kein Stillstand herrscht, und sieht das als Grundlage für zukünftige Verbesserungen. Er fordert eine bessere Politikkommunikation und Politiker ohne Machtstreben, um die positive Entwicklung zu unterstützen. Externe Krisen wie die Covid-Pandemie oder der Ukraine-Krieg werden erst durch politisches Handeln zu Problemen, und Deutschland scheitert an der Lösung aktueller Herausforderungen aufgrund von zu viel Parteipolitik und zu wenig Engagement fürs Gemeinwohl.",7.7856884,10.892701
Z9L0_859,38.0,männlich,2000-3000€,angestellter Bürokaufmann,SPD,2,Lösungen für die Probleme,"Der Proband befürwortet grundsätzlich eine stärkere Umverteilung von wohlhabenden zu ärmeren Menschen und nennt konkrete Instrumente wie Erbschaftssteuer, Deckelung von Managergehältern, Angleichung der Lebensverhältnisse zwischen Ost und West sowie einen Mietpreisdeckel. Er betont, dass politische Maßnahmen transparent, rigoros und ohne Hintertüren umgesetzt werden müssen, um Vertrauen zu schaffen. Konservative Werte wie Familie bewertet er positiv, fordert jedoch eine offene Definition abseits der Ehe. Nationale Identität und Tradition sieht er kaum gemeinschaftlich ausgeprägt, da Deutschland zu regional unterschiedlich ist. Sicherheit, wirtschaftliche Stabilität und soziale Absicherung sind ihm gleichermaßen wichtig, solange die Menschen die Wirkung der Maßnahmen spüren. Eine ständige Änderung von Klimaregeln lehnt er ab, da sie verunsichert. Nationale Interessen sollten sich laut Proband vor allem am Wohlstand des eigenen Volkes orientieren.",7.7856884,10.892701
Z9L0_859,38.0,männlich,2000-3000€,angestellter Bürokaufmann,SPD,2,Allgemeines Weltbild,"Der Befragte berichtet, dass er sich aktuell genauso viele Urlaubsreisen und Freizeitaktivitäten leisten kann wie vor der Pandemie, weil damals Angebote fehlten. Er blickt optimistisch in die Zukunft, da der demographische Wandel neue Chancen bei Jobs und Wohnraum schafft. Den Leitspruch „Jeder ist seines eigenen Glückes Schmied“ hält er nur unter gleichen Ausgangsbedingungen für gültig. Gendergerechte Sprache hält er zwar für machbar, aber wenig wirksam; wichtiger sei das Überwinden von Klassizismus. Die Erleichterung der Geschlechtsänderung im Ausweis befürwortet er, solange sie missbrauchssicher ist. Migration bewertet er als risikobeladen, da sie Sicherheitsprobleme und Ghettoisierung mit sich bringen könne. Zur Risikominimierung schlägt er strengere Einreisekontrollen und eine staatliche Wohnungsverteilung vor.",-7.505449,7.178016
Z9L0_859,38.0,männlich,2000-3000€,angestellter Bürokaufmann,SPD,2,Informationsquellen,"Der Proband bezieht politische Informationen vor allem über YouTube und Podcasts, beteiligt sich nicht an Chatgruppen und nutzt kaum Social Media für politische Inhalte. Er bewertet die Berichterstattung von ARD und ZDF als vielfältig und ganzheitlich.",18.161863,1.0835769
